route_id,driver_id,stop_id,planned_sequence,actual_sequence,lat,lng,service_time_min,planned_distance,actual_distance,planned_duration,actual_duration
RO_OSLO_001,DRV_102,STP_RO_OSLO_001_01,1,1,59.937345,10.699104,4.7,56.19,58.7,342.9,357.1
RO_OSLO_001,DRV_102,STP_RO_OSLO_001_02,2,2,59.939919,10.710603,3.3,56.19,58.7,342.9,357.1
RO_OSLO_001,DRV_102,STP_RO_OSLO_001_03,3,3,59.974667,10.727863,3.0,56.19,58.7,342.9,357.1
RO_OSLO_001,DRV_102,STP_RO_OSLO_001_04,4,4,59.99088,10.708598,6.1,56.19,58.7,342.9,357.1
RO_OSLO_001,DRV_102,STP_RO_OSLO_001_05,5,5,59.931771,10.672933,5.6,56.19,58.7,342.9,357.1
RO_OSLO_001,DRV_102,STP_RO_OSLO_001_06,6,6,59.955339,10.67435,7.9,56.19,58.7,342.9,357.1
RO_OSLO_001,DRV_102,STP_RO_OSLO_001_07,7,7,59.945313,10.676986,6.1,56.19,58.7,342.9,357.1
RO_OSLO_001,DRV_102,STP_RO_OSLO_001_08,8,8,59.954295,10.730543,5.3,56.19,58.7,342.9,357.1
RO_OSLO_001,DRV_102,STP_RO_OSLO_001_09,9,9,59.982943,10.712368,5.3,56.19,58.7,342.9,357.1
RO_OSLO_001,DRV_102,STP_RO_OSLO_001_10,10,10,59.932143,10.728082,5.8,56.19,58.7,342.9,357.1
RO_OSLO_001,DRV_102,STP_RO_OSLO_001_11,11,11,59.954472,10.672508,4.2,56.19,58.7,342.9,357.1
RO_OSLO_001,DRV_102,STP_RO_OSLO_001_12,12,12,59.945808,10.712545,6.0,56.19,58.7,342.9,357.1
RO_OSLO_001,DRV_102,STP_RO_OSLO_001_13,13,13,59.981339,10.681951,5.0,56.19,58.7,342.9,357.1
RO_OSLO_001,DRV_102,STP_RO_OSLO_001_14,14,14,59.942281,10.716871,5.1,56.19,58.7,342.9,357.1
RO_OSLO_001,DRV_102,STP_RO_OSLO_001_15,15,15,59.943823,10.705612,3.2,56.19,58.7,342.9,357.1
RO_OSLO_001,DRV_102,STP_RO_OSLO_001_16,16,16,59.981884,10.698535,5.0,56.19,58.7,342.9,357.1
RO_OSLO_001,DRV_102,STP_RO_OSLO_001_17,17,17,59.986946,10.715186,4.6,56.19,58.7,342.9,357.1
RO_OSLO_001,DRV_102,STP_RO_OSLO_001_18,18,18,59.965574,10.7028,7.8,56.19,58.7,342.9,357.1
RO_OSLO_002,DRV_103,STP_RO_OSLO_002_01,1,1,59.89865,10.694071,7.0,58.15,59.74,341.7,352.6
RO_OSLO_002,DRV_103,STP_RO_OSLO_002_02,2,2,59.870561,10.744829,6.9,58.15,59.74,341.7,352.6
RO_OSLO_002,DRV_103,STP_RO_OSLO_002_03,3,3,59.878011,10.685947,7.1,58.15,59.74,341.7,352.6
RO_OSLO_002,DRV_103,STP_RO_OSLO_002_04,4,4,59.9085,10.729356,6.9,58.15,59.74,341.7,352.6
RO_OSLO_002,DRV_103,STP_RO_OSLO_002_05,5,5,59.870531,10.707124,3.6,58.15,59.74,341.7,352.6
RO_OSLO_002,DRV_103,STP_RO_OSLO_002_06,6,6,59.917875,10.723014,4.7,58.15,59.74,341.7,352.6
RO_OSLO_002,DRV_103,STP_RO_OSLO_002_07,7,7,59.869902,10.704275,4.6,58.15,59.74,341.7,352.6
RO_OSLO_002,DRV_103,STP_RO_OSLO_002_08,8,8,59.909865,10.723869,7.4,58.15,59.74,341.7,352.6
RO_OSLO_002,DRV_103,STP_RO_OSLO_002_09,9,9,59.894421,10.692791,6.6,58.15,59.74,341.7,352.6
RO_OSLO_002,DRV_103,STP_RO_OSLO_002_10,10,10,59.911735,10.719292,6.9,58.15,59.74,341.7,352.6
RO_OSLO_002,DRV_103,STP_RO_OSLO_002_11,11,11,59.895716,10.71698,5.1,58.15,59.74,341.7,352.6
RO_OSLO_002,DRV_103,STP_RO_OSLO_002_12,12,12,59.867614,10.692089,3.2,58.15,59.74,341.7,352.6
RO_OSLO_002,DRV_103,STP_RO_OSLO_002_13,13,13,59.904273,10.704477,5.5,58.15,59.74,341.7,352.6
RO_OSLO_002,DRV_103,STP_RO_OSLO_002_14,14,14,59.920542,10.700573,5.1,58.15,59.74,341.7,352.6
RO_OSLO_002,DRV_103,STP_RO_OSLO_002_15,15,15,59.911421,10.699344,3.4,58.15,59.74,341.7,352.6
RO_OSLO_002,DRV_103,STP_RO_OSLO_002_16,16,16,59.883473,10.695289,7.6,58.15,59.74,341.7,352.6
RO_OSLO_003,DRV_104,STP_RO_OSLO_003_01,1,1,59.883057,10.685946,5.8,43.26,49.62,314.7,396.7
RO_OSLO_003,DRV_104,STP_RO_OSLO_003_02,2,2,59.886763,10.66393,4.8,43.26,49.62,314.7,396.7
RO_OSLO_003,DRV_104,STP_RO_OSLO_003_03,3,3,59.865731,10.707267,5.4,43.26,49.62,314.7,396.7
RO_OSLO_003,DRV_104,STP_RO_OSLO_003_04,4,14,59.910207,10.683009,7.1,43.26,49.62,314.7,396.7
RO_OSLO_003,DRV_104,STP_RO_OSLO_003_05,5,5,59.899102,10.668122,5.5,43.26,49.62,314.7,396.7
RO_OSLO_003,DRV_104,STP_RO_OSLO_003_06,6,6,59.89295,10.710581,4.6,43.26,49.62,314.7,396.7
RO_OSLO_003,DRV_104,STP_RO_OSLO_003_07,7,7,59.864416,10.701748,7.0,43.26,49.62,314.7,396.7
RO_OSLO_003,DRV_104,STP_RO_OSLO_003_08,8,8,59.872121,10.66485,7.7,43.26,49.62,314.7,396.7
RO_OSLO_003,DRV_104,STP_RO_OSLO_003_09,9,9,59.875056,10.690144,7.2,43.26,49.62,314.7,396.7
RO_OSLO_003,DRV_104,STP_RO_OSLO_003_10,10,10,59.891743,10.703192,4.0,43.26,49.62,314.7,396.7
RO_OSLO_003,DRV_104,STP_RO_OSLO_003_11,11,11,59.883688,10.700826,4.1,43.26,49.62,314.7,396.7
RO_OSLO_003,DRV_104,STP_RO_OSLO_003_12,12,12,59.861699,10.718009,5.6,43.26,49.62,314.7,396.7
RO_OSLO_003,DRV_104,STP_RO_OSLO_003_13,13,13,59.866851,10.718854,7.8,43.26,49.62,314.7,396.7
RO_OSLO_003,DRV_104,STP_RO_OSLO_003_14,14,15,59.884699,10.712037,3.9,43.26,49.62,314.7,396.7
RO_OSLO_003,DRV_104,STP_RO_OSLO_003_15,15,4,59.867934,10.701101,7.2,43.26,49.62,314.7,396.7
RO_OSLO_003,DRV_104,STP_RO_OSLO_003_16,16,16,59.902581,10.68335,7.4,43.26,49.62,314.7,396.7
RO_OSLO_003,DRV_104,STP_RO_OSLO_003_17,17,17,59.902257,10.715217,6.9,43.26,49.62,314.7,396.7
RO_OSLO_003,DRV_104,STP_RO_OSLO_003_18,18,18,59.891341,10.69392,4.9,43.26,49.62,314.7,396.7
RO_OSLO_003,DRV_104,STP_RO_OSLO_003_19,19,19,59.907609,10.717499,4.4,43.26,49.62,314.7,396.7
RO_OSLO_003,DRV_104,STP_RO_OSLO_003_20,20,20,59.869523,10.688216,5.2,43.26,49.62,314.7,396.7
RO_OSLO_003,DRV_104,STP_RO_OSLO_003_21,21,21,59.910869,10.669635,3.1,43.26,49.62,314.7,396.7
RO_OSLO_003,DRV_104,STP_RO_OSLO_003_22,22,22,59.880835,10.669808,4.8,43.26,49.62,314.7,396.7
RO_OSLO_003,DRV_104,STP_RO_OSLO_003_23,23,23,59.895852,10.702335,4.5,43.26,49.62,314.7,396.7
RO_OSLO_003,DRV_104,STP_RO_OSLO_003_24,24,24,59.883754,10.689608,6.2,43.26,49.62,314.7,396.7
RO_OSLO_004,DRV_105,STP_RO_OSLO_004_01,1,1,59.890627,10.82804,5.9,40.72,44.1,268.2,283.9
RO_OSLO_004,DRV_105,STP_RO_OSLO_004_02,2,2,59.872489,10.809596,6.6,40.72,44.1,268.2,283.9
RO_OSLO_004,DRV_105,STP_RO_OSLO_004_03,3,3,59.859785,10.799341,6.2,40.72,44.1,268.2,283.9
RO_OSLO_004,DRV_105,STP_RO_OSLO_004_04,4,4,59.853565,10.854309,7.8,40.72,44.1,268.2,283.9
RO_OSLO_004,DRV_105,STP_RO_OSLO_004_05,5,5,59.89783,10.820091,3.1,40.72,44.1,268.2,283.9
RO_OSLO_004,DRV_105,STP_RO_OSLO_004_06,6,6,59.898637,10.823573,7.8,40.72,44.1,268.2,283.9
RO_OSLO_004,DRV_105,STP_RO_OSLO_004_07,7,7,59.900756,10.849062,4.5,40.72,44.1,268.2,283.9
RO_OSLO_004,DRV_105,STP_RO_OSLO_004_08,8,8,59.866044,10.84895,4.6,40.72,44.1,268.2,283.9
RO_OSLO_004,DRV_105,STP_RO_OSLO_004_09,9,9,59.853108,10.83129,7.7,40.72,44.1,268.2,283.9
RO_OSLO_004,DRV_105,STP_RO_OSLO_004_10,10,10,59.8847,10.832085,3.5,40.72,44.1,268.2,283.9
RO_OSLO_004,DRV_105,STP_RO_OSLO_004_11,11,11,59.879839,10.857285,3.7,40.72,44.1,268.2,283.9
RO_OSLO_004,DRV_105,STP_RO_OSLO_004_12,12,12,59.874038,10.850524,6.7,40.72,44.1,268.2,283.9
RO_OSLO_004,DRV_105,STP_RO_OSLO_004_13,13,13,59.884759,10.840031,4.8,40.72,44.1,268.2,283.9
RO_OSLO_004,DRV_105,STP_RO_OSLO_004_14,14,14,59.860554,10.846443,7.1,40.72,44.1,268.2,283.9
RO_OSLO_004,DRV_105,STP_RO_OSLO_004_15,15,15,59.894963,10.852676,5.6,40.72,44.1,268.2,283.9
RO_OSLO_004,DRV_105,STP_RO_OSLO_004_16,16,16,59.873029,10.845779,6.2,40.72,44.1,268.2,283.9
RO_OSLO_004,DRV_105,STP_RO_OSLO_004_17,17,17,59.885056,10.845629,7.5,40.72,44.1,268.2,283.9
RO_OSLO_005,DRV_106,STP_RO_OSLO_005_01,1,1,59.817621,10.793729,7.2,42.54,45.08,281.4,291.4
RO_OSLO_005,DRV_106,STP_RO_OSLO_005_02,2,2,59.859943,10.749833,3.2,42.54,45.08,281.4,291.4
RO_OSLO_005,DRV_106,STP_RO_OSLO_005_03,3,3,59.826515,10.767043,4.6,42.54,45.08,281.4,291.4
RO_OSLO_005,DRV_106,STP_RO_OSLO_005_04,4,4,59.857991,10.751111,7.8,42.54,45.08,281.4,291.4
RO_OSLO_005,DRV_106,STP_RO_OSLO_005_05,5,5,59.835755,10.78534,4.0,42.54,45.08,281.4,291.4
RO_OSLO_005,DRV_106,STP_RO_OSLO_005_06,6,6,59.833,10.776789,3.7,42.54,45.08,281.4,291.4
RO_OSLO_005,DRV_106,STP_RO_OSLO_005_07,7,7,59.816283,10.792991,6.6,42.54,45.08,281.4,291.4
RO_OSLO_005,DRV_106,STP_RO_OSLO_005_08,8,8,59.810783,10.758748,5.2,42.54,45.08,281.4,291.4
RO_OSLO_005,DRV_106,STP_RO_OSLO_005_09,9,9,59.852961,10.74987,3.9,42.54,45.08,281.4,291.4
RO_OSLO_005,DRV_106,STP_RO_OSLO_005_10,10,10,59.813171,10.760517,6.4,42.54,45.08,281.4,291.4
RO_OSLO_005,DRV_106,STP_RO_OSLO_005_11,11,11,59.81181,10.789731,5.2,42.54,45.08,281.4,291.4
RO_OSLO_005,DRV_106,STP_RO_OSLO_005_12,12,12,59.822706,10.740451,3.9,42.54,45.08,281.4,291.4
RO_OSLO_005,DRV_106,STP_RO_OSLO_005_13,13,13,59.864396,10.773115,5.6,42.54,45.08,281.4,291.4
RO_OSLO_005,DRV_106,STP_RO_OSLO_005_14,14,14,59.847745,10.760959,6.7,42.54,45.08,281.4,291.4
RO_OSLO_005,DRV_106,STP_RO_OSLO_005_15,15,15,59.811182,10.768781,3.8,42.54,45.08,281.4,291.4
RO_OSLO_005,DRV_106,STP_RO_OSLO_005_16,16,16,59.815529,10.755331,3.5,42.54,45.08,281.4,291.4
RO_OSLO_005,DRV_106,STP_RO_OSLO_005_17,17,17,59.813968,10.753503,7.9,42.54,45.08,281.4,291.4
RO_OSLO_005,DRV_106,STP_RO_OSLO_005_18,18,18,59.818838,10.735848,6.8,42.54,45.08,281.4,291.4
RO_OSLO_006,DRV_107,STP_RO_OSLO_006_01,1,1,59.937327,10.724233,4.0,42.35,49.3,270.6,345.6
RO_OSLO_006,DRV_107,STP_RO_OSLO_006_02,2,2,59.883817,10.675959,3.1,42.35,49.3,270.6,345.6
RO_OSLO_006,DRV_107,STP_RO_OSLO_006_03,3,3,59.885322,10.710893,3.4,42.35,49.3,270.6,345.6
RO_OSLO_006,DRV_107,STP_RO_OSLO_006_04,4,4,59.898794,10.720605,3.1,42.35,49.3,270.6,345.6
RO_OSLO_006,DRV_107,STP_RO_OSLO_006_05,5,5,59.928524,10.686824,3.6,42.35,49.3,270.6,345.6
RO_OSLO_006,DRV_107,STP_RO_OSLO_006_06,6,6,59.92146,10.707649,7.4,42.35,49.3,270.6,345.6
RO_OSLO_006,DRV_107,STP_RO_OSLO_006_07,7,7,59.92376,10.718121,4.4,42.35,49.3,270.6,345.6
RO_OSLO_006,DRV_107,STP_RO_OSLO_006_08,8,8,59.890302,10.714949,7.0,42.35,49.3,270.6,345.6
RO_OSLO_006,DRV_107,STP_RO_OSLO_006_09,9,14,59.939086,10.694669,4.9,42.35,49.3,270.6,345.6
RO_OSLO_006,DRV_107,STP_RO_OSLO_006_10,10,10,59.92624,10.690361,7.7,42.35,49.3,270.6,345.6
RO_OSLO_006,DRV_107,STP_RO_OSLO_006_11,11,11,59.93116,10.695652,6.8,42.35,49.3,270.6,345.6
RO_OSLO_006,DRV_107,STP_RO_OSLO_006_12,12,12,59.924928,10.6761,7.5,42.35,49.3,270.6,345.6
RO_OSLO_006,DRV_107,STP_RO_OSLO_006_13,13,9,59.909971,10.7195,4.6,42.35,49.3,270.6,345.6
RO_OSLO_006,DRV_107,STP_RO_OSLO_006_14,14,13,59.933387,10.693264,3.1,42.35,49.3,270.6,345.6
RO_OSLO_006,DRV_107,STP_RO_OSLO_006_15,15,15,59.933978,10.675389,4.6,42.35,49.3,270.6,345.6
RO_OSLO_006,DRV_107,STP_RO_OSLO_006_16,16,16,59.936659,10.726949,5.9,42.35,49.3,270.6,345.6
RO_OSLO_007,DRV_101,STP_RO_OSLO_007_01,1,1,59.873997,10.70375,3.6,49.1,51.3,351.0,360.8
RO_OSLO_007,DRV_101,STP_RO_OSLO_007_02,2,2,59.873081,10.715328,8.0,49.1,51.3,351.0,360.8
RO_OSLO_007,DRV_101,STP_RO_OSLO_007_03,3,3,59.820578,10.701095,5.7,49.1,51.3,351.0,360.8
RO_OSLO_007,DRV_101,STP_RO_OSLO_007_04,4,4,59.859575,10.714992,6.4,49.1,51.3,351.0,360.8
RO_OSLO_007,DRV_101,STP_RO_OSLO_007_05,5,5,59.867443,10.708885,7.2,49.1,51.3,351.0,360.8
RO_OSLO_007,DRV_101,STP_RO_OSLO_007_06,6,6,59.842791,10.670227,5.0,49.1,51.3,351.0,360.8
RO_OSLO_007,DRV_101,STP_RO_OSLO_007_07,7,7,59.870739,10.665669,5.6,49.1,51.3,351.0,360.8
RO_OSLO_007,DRV_101,STP_RO_OSLO_007_08,8,8,59.831219,10.691751,7.3,49.1,51.3,351.0,360.8
RO_OSLO_007,DRV_101,STP_RO_OSLO_007_09,9,9,59.870047,10.671074,7.5,49.1,51.3,351.0,360.8
RO_OSLO_007,DRV_101,STP_RO_OSLO_007_10,10,10,59.852739,10.677886,6.5,49.1,51.3,351.0,360.8
RO_OSLO_007,DRV_101,STP_RO_OSLO_007_11,11,11,59.846126,10.679552,6.5,49.1,51.3,351.0,360.8
RO_OSLO_007,DRV_101,STP_RO_OSLO_007_12,12,12,59.832149,10.676688,5.2,49.1,51.3,351.0,360.8
RO_OSLO_007,DRV_101,STP_RO_OSLO_007_13,13,13,59.832446,10.681185,5.9,49.1,51.3,351.0,360.8
RO_OSLO_007,DRV_101,STP_RO_OSLO_007_14,14,14,59.861684,10.702904,7.1,49.1,51.3,351.0,360.8
RO_OSLO_007,DRV_101,STP_RO_OSLO_007_15,15,15,59.861878,10.697735,4.2,49.1,51.3,351.0,360.8
RO_OSLO_007,DRV_101,STP_RO_OSLO_007_16,16,16,59.841239,10.685536,3.4,49.1,51.3,351.0,360.8
RO_OSLO_007,DRV_101,STP_RO_OSLO_007_17,17,17,59.848928,10.683053,7.0,49.1,51.3,351.0,360.8
RO_OSLO_007,DRV_101,STP_RO_OSLO_007_18,18,18,59.8759,10.690233,4.6,49.1,51.3,351.0,360.8
RO_OSLO_007,DRV_101,STP_RO_OSLO_007_19,19,19,59.81983,10.712351,7.6,49.1,51.3,351.0,360.8
RO_OSLO_007,DRV_101,STP_RO_OSLO_007_20,20,20,59.832405,10.698597,3.4,49.1,51.3,351.0,360.8
RO_OSLO_007,DRV_101,STP_RO_OSLO_007_21,21,21,59.827198,10.669881,4.5,49.1,51.3,351.0,360.8
RO_OSLO_007,DRV_101,STP_RO_OSLO_007_22,22,22,59.876975,10.698688,4.9,49.1,51.3,351.0,360.8
RO_OSLO_007,DRV_101,STP_RO_OSLO_007_23,23,23,59.861452,10.711788,7.8,49.1,51.3,351.0,360.8
RO_OSLO_007,DRV_101,STP_RO_OSLO_007_24,24,24,59.820697,10.680544,3.5,49.1,51.3,351.0,360.8
RO_OSLO_007,DRV_101,STP_RO_OSLO_007_25,25,25,59.837365,10.667053,6.2,49.1,51.3,351.0,360.8
RO_OSLO_007,DRV_101,STP_RO_OSLO_007_26,26,26,59.840522,10.670636,4.3,49.1,51.3,351.0,360.8
RO_OSLO_008,DRV_102,STP_RO_OSLO_008_01,1,1,60.008631,10.841078,3.8,52.93,55.13,318.2,328.9
RO_OSLO_008,DRV_102,STP_RO_OSLO_008_02,2,2,60.014459,10.849346,7.7,52.93,55.13,318.2,328.9
RO_OSLO_008,DRV_102,STP_RO_OSLO_008_03,3,3,60.003346,10.836799,5.1,52.93,55.13,318.2,328.9
RO_OSLO_008,DRV_102,STP_RO_OSLO_008_04,4,4,60.015767,10.851958,3.2,52.93,55.13,318.2,328.9
RO_OSLO_008,DRV_102,STP_RO_OSLO_008_05,5,5,59.961385,10.822582,7.1,52.93,55.13,318.2,328.9
RO_OSLO_008,DRV_102,STP_RO_OSLO_008_06,6,6,60.01904,10.809019,6.0,52.93,55.13,318.2,328.9
RO_OSLO_008,DRV_102,STP_RO_OSLO_008_07,7,7,59.982657,10.858189,7.2,52.93,55.13,318.2,328.9
RO_OSLO_008,DRV_102,STP_RO_OSLO_008_08,8,8,60.010103,10.828115,5.1,52.93,55.13,318.2,328.9
RO_OSLO_008,DRV_102,STP_RO_OSLO_008_09,9,9,59.976208,10.803376,7.3,52.93,55.13,318.2,328.9
RO_OSLO_008,DRV_102,STP_RO_OSLO_008_10,10,10,60.008577,10.859977,8.0,52.93,55.13,318.2,328.9
RO_OSLO_008,DRV_102,STP_RO_OSLO_008_11,11,11,59.993129,10.846133,7.7,52.93,55.13,318.2,328.9
RO_OSLO_008,DRV_102,STP_RO_OSLO_008_12,12,12,60.010782,10.814835,5.3,52.93,55.13,318.2,328.9
RO_OSLO_008,DRV_102,STP_RO_OSLO_008_13,13,13,59.967553,10.857237,6.0,52.93,55.13,318.2,328.9
RO_OSLO_008,DRV_102,STP_RO_OSLO_008_14,14,14,59.973522,10.840296,6.1,52.93,55.13,318.2,328.9
RO_OSLO_008,DRV_102,STP_RO_OSLO_008_15,15,15,59.981293,10.806807,6.4,52.93,55.13,318.2,328.9
RO_OSLO_008,DRV_102,STP_RO_OSLO_008_16,16,16,59.991022,10.846333,5.6,52.93,55.13,318.2,328.9
RO_OSLO_009,DRV_103,STP_RO_OSLO_009_01,1,1,59.969301,10.81757,5.7,28.54,34.99,243.4,311.0
RO_OSLO_009,DRV_103,STP_RO_OSLO_009_02,2,2,59.962129,10.832162,5.0,28.54,34.99,243.4,311.0
RO_OSLO_009,DRV_103,STP_RO_OSLO_009_03,3,11,59.976382,10.80788,6.5,28.54,34.99,243.4,311.0
RO_OSLO_009,DRV_103,STP_RO_OSLO_009_04,4,4,59.959221,10.849535,5.6,28.54,34.99,243.4,311.0
RO_OSLO_009,DRV_103,STP_RO_OSLO_009_05,5,5,59.992908,10.833192,4.1,28.54,34.99,243.4,311.0
RO_OSLO_009,DRV_103,STP_RO_OSLO_009_06,6,6,59.983829,10.817781,4.7,28.54,34.99,243.4,311.0
RO_OSLO_009,DRV_103,STP_RO_OSLO_009_07,7,7,59.93643,10.829999,5.7,28.54,34.99,243.4,311.0
RO_OSLO_009,DRV_103,STP_RO_OSLO_009_08,8,8,59.955881,10.850729,3.6,28.54,34.99,243.4,311.0
RO_OSLO_009,DRV_103,STP_RO_OSLO_009_09,9,13,59.954328,10.816371,3.5,28.54,34.99,243.4,311.0
RO_OSLO_009,DRV_103,STP_RO_OSLO_009_10,10,10,59.96339,10.838343,5.6,28.54,34.99,243.4,311.0
RO_OSLO_009,DRV_103,STP_RO_OSLO_009_11,11,3,59.94394,10.819713,3.0,28.54,34.99,243.4,311.0
RO_OSLO_009,DRV_103,STP_RO_OSLO_009_12,12,12,59.98662,10.802147,6.0,28.54,34.99,243.4,311.0
RO_OSLO_009,DRV_103,STP_RO_OSLO_009_13,13,9,59.993697,10.829271,7.6,28.54,34.99,243.4,311.0
RO_OSLO_009,DRV_103,STP_RO_OSLO_009_14,14,14,59.948689,10.842673,5.7,28.54,34.99,243.4,311.0
RO_OSLO_009,DRV_103,STP_RO_OSLO_009_15,15,15,59.977753,10.800816,3.7,28.54,34.99,243.4,311.0
RO_OSLO_009,DRV_103,STP_RO_OSLO_009_16,16,16,59.942509,10.838306,7.2,28.54,34.99,243.4,311.0
RO_OSLO_009,DRV_103,STP_RO_OSLO_009_17,17,17,59.979499,10.798904,7.3,28.54,34.99,243.4,311.0
RO_OSLO_009,DRV_103,STP_RO_OSLO_009_18,18,18,59.955771,10.820906,3.5,28.54,34.99,243.4,311.0
RO_OSLO_009,DRV_103,STP_RO_OSLO_009_19,19,19,59.978766,10.808013,5.8,28.54,34.99,243.4,311.0
RO_OSLO_009,DRV_103,STP_RO_OSLO_009_20,20,20,59.984964,10.802428,5.7,28.54,34.99,243.4,311.0
RO_OSLO_009,DRV_103,STP_RO_OSLO_009_21,21,21,59.948515,10.817651,5.4,28.54,34.99,243.4,311.0
RO_OSLO_009,DRV_103,STP_RO_OSLO_009_22,22,22,59.955828,10.836005,5.4,28.54,34.99,243.4,311.0
RO_OSLO_009,DRV_103,STP_RO_OSLO_009_23,23,23,59.969574,10.841285,5.8,28.54,34.99,243.4,311.0
RO_OSLO_010,DRV_104,STP_RO_OSLO_010_01,1,1,59.907212,10.683979,7.9,36.35,37.53,258.6,274.3
RO_OSLO_010,DRV_104,STP_RO_OSLO_010_02,2,2,59.909312,10.676846,3.5,36.35,37.53,258.6,274.3
RO_OSLO_010,DRV_104,STP_RO_OSLO_010_03,3,3,59.882137,10.67737,3.8,36.35,37.53,258.6,274.3
RO_OSLO_010,DRV_104,STP_RO_OSLO_010_04,4,4,59.88416,10.679719,3.9,36.35,37.53,258.6,274.3
RO_OSLO_010,DRV_104,STP_RO_OSLO_010_05,5,5,59.926771,10.667427,5.6,36.35,37.53,258.6,274.3
RO_OSLO_010,DRV_104,STP_RO_OSLO_010_06,6,6,59.897589,10.721556,3.6,36.35,37.53,258.6,274.3
RO_OSLO_010,DRV_104,STP_RO_OSLO_010_07,7,7,59.896837,10.720781,7.3,36.35,37.53,258.6,274.3
RO_OSLO_010,DRV_104,STP_RO_OSLO_010_08,8,8,59.92199,10.678087,3.9,36.35,37.53,258.6,274.3
RO_OSLO_010,DRV_104,STP_RO_OSLO_010_09,9,9,59.913084,10.718375,5.8,36.35,37.53,258.6,274.3
RO_OSLO_010,DRV_104,STP_RO_OSLO_010_10,10,10,59.907262,10.679412,6.8,36.35,37.53,258.6,274.3
RO_OSLO_010,DRV_104,STP_RO_OSLO_010_11,11,11,59.884188,10.682034,5.1,36.35,37.53,258.6,274.3
RO_OSLO_010,DRV_104,STP_RO_OSLO_010_12,12,12,59.903422,10.677157,3.6,36.35,37.53,258.6,274.3
RO_OSLO_010,DRV_104,STP_RO_OSLO_010_13,13,13,59.909603,10.679931,5.9,36.35,37.53,258.6,274.3
RO_OSLO_010,DRV_104,STP_RO_OSLO_010_14,14,14,59.882227,10.691481,5.7,36.35,37.53,258.6,274.3
RO_OSLO_010,DRV_104,STP_RO_OSLO_010_15,15,15,59.876075,10.682809,3.7,36.35,37.53,258.6,274.3
RO_OSLO_010,DRV_104,STP_RO_OSLO_010_16,16,16,59.876768,10.72201,4.6,36.35,37.53,258.6,274.3
RO_OSLO_010,DRV_104,STP_RO_OSLO_010_17,17,17,59.921558,10.677891,6.4,36.35,37.53,258.6,274.3
RO_OSLO_010,DRV_104,STP_RO_OSLO_010_18,18,18,59.918579,10.698351,5.4,36.35,37.53,258.6,274.3
RO_OSLO_010,DRV_104,STP_RO_OSLO_010_19,19,19,59.897676,10.683545,7.6,36.35,37.53,258.6,274.3
RO_OSLO_011,DRV_105,STP_RO_OSLO_011_01,1,1,59.94601,10.76315,6.6,62.32,66.53,405.4,416.7
RO_OSLO_011,DRV_105,STP_RO_OSLO_011_02,2,2,59.926142,10.754454,7.1,62.32,66.53,405.4,416.7
RO_OSLO_011,DRV_105,STP_RO_OSLO_011_03,3,3,59.968286,10.755535,7.1,62.32,66.53,405.4,416.7
RO_OSLO_011,DRV_105,STP_RO_OSLO_011_04,4,4,59.93444,10.721704,6.2,62.32,66.53,405.4,416.7
RO_OSLO_011,DRV_105,STP_RO_OSLO_011_05,5,5,59.977728,10.726535,5.9,62.32,66.53,405.4,416.7
RO_OSLO_011,DRV_105,STP_RO_OSLO_011_06,6,6,59.964235,10.73468,6.6,62.32,66.53,405.4,416.7
RO_OSLO_011,DRV_105,STP_RO_OSLO_011_07,7,7,59.977236,10.745009,5.7,62.32,66.53,405.4,416.7
RO_OSLO_011,DRV_105,STP_RO_OSLO_011_08,8,8,59.949581,10.742212,4.8,62.32,66.53,405.4,416.7
RO_OSLO_011,DRV_105,STP_RO_OSLO_011_09,9,9,59.946745,10.739474,3.3,62.32,66.53,405.4,416.7
RO_OSLO_011,DRV_105,STP_RO_OSLO_011_10,10,10,59.936997,10.740134,5.2,62.32,66.53,405.4,416.7
RO_OSLO_011,DRV_105,STP_RO_OSLO_011_11,11,11,59.943225,10.751396,6.5,62.32,66.53,405.4,416.7
RO_OSLO_011,DRV_105,STP_RO_OSLO_011_12,12,12,59.93326,10.760281,5.5,62.32,66.53,405.4,416.7
RO_OSLO_011,DRV_105,STP_RO_OSLO_011_13,13,13,59.967744,10.741952,8.0,62.32,66.53,405.4,416.7
RO_OSLO_011,DRV_105,STP_RO_OSLO_011_14,14,14,59.9684,10.749982,6.9,62.32,66.53,405.4,416.7
RO_OSLO_011,DRV_105,STP_RO_OSLO_011_15,15,15,59.931844,10.719836,6.6,62.32,66.53,405.4,416.7
RO_OSLO_011,DRV_105,STP_RO_OSLO_011_16,16,16,59.952895,10.752841,3.5,62.32,66.53,405.4,416.7
RO_OSLO_011,DRV_105,STP_RO_OSLO_011_17,17,17,59.955445,10.730292,5.3,62.32,66.53,405.4,416.7
RO_OSLO_011,DRV_105,STP_RO_OSLO_011_18,18,18,59.959493,10.7377,5.7,62.32,66.53,405.4,416.7
RO_OSLO_011,DRV_105,STP_RO_OSLO_011_19,19,19,59.952437,10.7321,6.9,62.32,66.53,405.4,416.7
RO_OSLO_011,DRV_105,STP_RO_OSLO_011_20,20,20,59.923988,10.743469,5.8,62.32,66.53,405.4,416.7
RO_OSLO_011,DRV_105,STP_RO_OSLO_011_21,21,21,59.966227,10.743505,7.1,62.32,66.53,405.4,416.7
RO_OSLO_011,DRV_105,STP_RO_OSLO_011_22,22,22,59.9808,10.728114,4.1,62.32,66.53,405.4,416.7
RO_OSLO_011,DRV_105,STP_RO_OSLO_011_23,23,23,59.948672,10.724839,6.1,62.32,66.53,405.4,416.7
RO_OSLO_011,DRV_105,STP_RO_OSLO_011_24,24,24,59.977967,10.71591,3.5,62.32,66.53,405.4,416.7
RO_OSLO_011,DRV_105,STP_RO_OSLO_011_25,25,25,59.938617,10.751129,6.0,62.32,66.53,405.4,416.7
RO_OSLO_012,DRV_106,STP_RO_OSLO_012_01,1,1,59.921468,10.762116,3.9,61.9,73.01,393.6,490.1
RO_OSLO_012,DRV_106,STP_RO_OSLO_012_02,2,18,59.924223,10.7788,7.6,61.9,73.01,393.6,490.1
RO_OSLO_012,DRV_106,STP_RO_OSLO_012_03,3,3,59.916065,10.788499,6.2,61.9,73.01,393.6,490.1
RO_OSLO_012,DRV_106,STP_RO_OSLO_012_04,4,4,59.895107,10.793476,3.9,61.9,73.01,393.6,490.1
RO_OSLO_012,DRV_106,STP_RO_OSLO_012_05,5,5,59.951986,10.762584,5.1,61.9,73.01,393.6,490.1
RO_OSLO_012,DRV_106,STP_RO_OSLO_012_06,6,6,59.899442,10.813477,5.5,61.9,73.01,393.6,490.1
RO_OSLO_012,DRV_106,STP_RO_OSLO_012_07,7,7,59.930044,10.757689,6.7,61.9,73.01,393.6,490.1
RO_OSLO_012,DRV_106,STP_RO_OSLO_012_08,8,8,59.906916,10.807547,4.0,61.9,73.01,393.6,490.1
RO_OSLO_012,DRV_106,STP_RO_OSLO_012_09,9,9,59.905763,10.755857,5.4,61.9,73.01,393.6,490.1
RO_OSLO_012,DRV_106,STP_RO_OSLO_012_10,10,10,59.928212,10.757607,6.9,61.9,73.01,393.6,490.1
RO_OSLO_012,DRV_106,STP_RO_OSLO_012_11,11,11,59.921519,10.785128,5.2,61.9,73.01,393.6,490.1
RO_OSLO_012,DRV_106,STP_RO_OSLO_012_12,12,16,59.918367,10.787243,3.8,61.9,73.01,393.6,490.1
RO_OSLO_012,DRV_106,STP_RO_OSLO_012_13,13,13,59.905237,10.805371,7.7,61.9,73.01,393.6,490.1
RO_OSLO_012,DRV_106,STP_RO_OSLO_012_14,14,14,59.91672,10.769909,6.2,61.9,73.01,393.6,490.1
RO_OSLO_012,DRV_106,STP_RO_OSLO_012_15,15,15,59.918845,10.755187,3.8,61.9,73.01,393.6,490.1
RO_OSLO_012,DRV_106,STP_RO_OSLO_012_16,16,12,59.93728,10.7932,3.1,61.9,73.01,393.6,490.1
RO_OSLO_012,DRV_106,STP_RO_OSLO_012_17,17,17,59.90764,10.767529,6.4,61.9,73.01,393.6,490.1
RO_OSLO_012,DRV_106,STP_RO_OSLO_012_18,18,2,59.895504,10.759911,7.0,61.9,73.01,393.6,490.1
RO_OSLO_012,DRV_106,STP_RO_OSLO_012_19,19,19,59.905034,10.792829,4.2,61.9,73.01,393.6,490.1
RO_OSLO_012,DRV_106,STP_RO_OSLO_012_20,20,20,59.900288,10.768254,6.6,61.9,73.01,393.6,490.1
RO_OSLO_012,DRV_106,STP_RO_OSLO_012_21,21,21,59.945663,10.803477,5.0,61.9,73.01,393.6,490.1
RO_OSLO_012,DRV_106,STP_RO_OSLO_012_22,22,22,59.934406,10.765963,4.5,61.9,73.01,393.6,490.1
RO_OSLO_012,DRV_106,STP_RO_OSLO_012_23,23,23,59.948101,10.754444,3.4,61.9,73.01,393.6,490.1
RO_OSLO_013,DRV_107,STP_RO_OSLO_013_01,1,1,59.994238,10.69933,4.7,60.06,62.83,360.3,380.2
RO_OSLO_013,DRV_107,STP_RO_OSLO_013_02,2,2,59.989107,10.683628,3.2,60.06,62.83,360.3,380.2
RO_OSLO_013,DRV_107,STP_RO_OSLO_013_03,3,3,59.98944,10.682556,6.9,60.06,62.83,360.3,380.2
RO_OSLO_013,DRV_107,STP_RO_OSLO_013_04,4,4,59.961366,10.713508,4.1,60.06,62.83,360.3,380.2
RO_OSLO_013,DRV_107,STP_RO_OSLO_013_05,5,5,59.998073,10.70863,3.6,60.06,62.83,360.3,380.2
RO_OSLO_013,DRV_107,STP_RO_OSLO_013_06,6,6,59.973547,10.720966,5.4,60.06,62.83,360.3,380.2
RO_OSLO_013,DRV_107,STP_RO_OSLO_013_07,7,7,59.950527,10.690931,5.6,60.06,62.83,360.3,380.2
RO_OSLO_013,DRV_107,STP_RO_OSLO_013_08,8,8,59.984102,10.703775,5.0,60.06,62.83,360.3,380.2
RO_OSLO_013,DRV_107,STP_RO_OSLO_013_09,9,9,59.952682,10.700548,5.1,60.06,62.83,360.3,380.2
RO_OSLO_013,DRV_107,STP_RO_OSLO_013_10,10,10,59.947537,10.715879,6.5,60.06,62.83,360.3,380.2
RO_OSLO_013,DRV_107,STP_RO_OSLO_013_11,11,11,59.980592,10.711199,5.6,60.06,62.83,360.3,380.2
RO_OSLO_013,DRV_107,STP_RO_OSLO_013_12,12,12,59.988504,10.69173,3.3,60.06,62.83,360.3,380.2
RO_OSLO_013,DRV_107,STP_RO_OSLO_013_13,13,13,59.963915,10.691692,6.6,60.06,62.83,360.3,380.2
RO_OSLO_013,DRV_107,STP_RO_OSLO_013_14,14,14,59.945995,10.670245,4.3,60.06,62.83,360.3,380.2
RO_OSLO_013,DRV_107,STP_RO_OSLO_013_15,15,15,59.95559,10.705775,4.3,60.06,62.83,360.3,380.2
RO_OSLO_013,DRV_107,STP_RO_OSLO_013_16,16,16,59.977586,10.691501,5.9,60.06,62.83,360.3,380.2
RO_OSLO_013,DRV_107,STP_RO_OSLO_013_17,17,17,59.989887,10.686107,6.9,60.06,62.83,360.3,380.2
RO_OSLO_013,DRV_107,STP_RO_OSLO_013_18,18,18,59.964923,10.683077,7.8,60.06,62.83,360.3,380.2
RO_OSLO_014,DRV_101,STP_RO_OSLO_014_01,1,1,59.838488,10.781847,4.5,34.81,36.06,216.6,223.9
RO_OSLO_014,DRV_101,STP_RO_OSLO_014_02,2,2,59.851132,10.767267,6.3,34.81,36.06,216.6,223.9
RO_OSLO_014,DRV_101,STP_RO_OSLO_014_03,3,3,59.873358,10.782659,4.1,34.81,36.06,216.6,223.9
RO_OSLO_014,DRV_101,STP_RO_OSLO_014_04,4,4,59.819019,10.75444,6.0,34.81,36.06,216.6,223.9
RO_OSLO_014,DRV_101,STP_RO_OSLO_014_05,5,5,59.820233,10.768486,6.0,34.81,36.06,216.6,223.9
RO_OSLO_014,DRV_101,STP_RO_OSLO_014_06,6,6,59.837202,10.784959,3.5,34.81,36.06,216.6,223.9
RO_OSLO_014,DRV_101,STP_RO_OSLO_014_07,7,7,59.821656,10.782396,5.5,34.81,36.06,216.6,223.9
RO_OSLO_014,DRV_101,STP_RO_OSLO_014_08,8,8,59.858452,10.764794,4.2,34.81,36.06,216.6,223.9
RO_OSLO_014,DRV_101,STP_RO_OSLO_014_09,9,9,59.866294,10.786669,6.5,34.81,36.06,216.6,223.9
RO_OSLO_014,DRV_101,STP_RO_OSLO_014_10,10,10,59.833476,10.774118,4.8,34.81,36.06,216.6,223.9
RO_OSLO_014,DRV_101,STP_RO_OSLO_014_11,11,11,59.822643,10.793743,3.7,34.81,36.06,216.6,223.9
RO_OSLO_014,DRV_101,STP_RO_OSLO_014_12,12,12,59.874162,10.765465,3.9,34.81,36.06,216.6,223.9
RO_OSLO_015,DRV_102,STP_RO_OSLO_015_01,1,1,59.976332,10.801096,7.4,50.56,60.18,352.5,450.1
RO_OSLO_015,DRV_102,STP_RO_OSLO_015_02,2,2,59.994159,10.77752,3.1,50.56,60.18,352.5,450.1
RO_OSLO_015,DRV_102,STP_RO_OSLO_015_03,3,3,60.009413,10.764819,7.4,50.56,60.18,352.5,450.1
RO_OSLO_015,DRV_102,STP_RO_OSLO_015_04,4,23,59.988944,10.819887,7.0,50.56,60.18,352.5,450.1
RO_OSLO_015,DRV_102,STP_RO_OSLO_015_05,5,5,60.017083,10.784585,6.8,50.56,60.18,352.5,450.1
RO_OSLO_015,DRV_102,STP_RO_OSLO_015_06,6,6,59.981323,10.792335,6.1,50.56,60.18,352.5,450.1
RO_OSLO_015,DRV_102,STP_RO_OSLO_015_07,7,7,60.009628,10.822588,6.8,50.56,60.18,352.5,450.1
RO_OSLO_015,DRV_102,STP_RO_OSLO_015_08,8,8,59.982273,10.788824,6.7,50.56,60.18,352.5,450.1
RO_OSLO_015,DRV_102,STP_RO_OSLO_015_09,9,9,59.971534,10.770171,4.8,50.56,60.18,352.5,450.1
RO_OSLO_015,DRV_102,STP_RO_OSLO_015_10,10,10,59.974442,10.781321,4.2,50.56,60.18,352.5,450.1
RO_OSLO_015,DRV_102,STP_RO_OSLO_015_11,11,11,59.959733,10.764615,7.9,50.56,60.18,352.5,450.1
RO_OSLO_015,DRV_102,STP_RO_OSLO_015_12,12,12,59.982874,10.786602,6.4,50.56,60.18,352.5,450.1
RO_OSLO_015,DRV_102,STP_RO_OSLO_015_13,13,25,59.970303,10.82054,6.9,50.56,60.18,352.5,450.1
RO_OSLO_015,DRV_102,STP_RO_OSLO_015_14,14,14,59.962572,10.788598,7.4,50.56,60.18,352.5,450.1
RO_OSLO_015,DRV_102,STP_RO_OSLO_015_15,15,15,60.013891,10.791587,6.1,50.56,60.18,352.5,450.1
RO_OSLO_015,DRV_102,STP_RO_OSLO_015_16,16,16,59.967229,10.823013,4.2,50.56,60.18,352.5,450.1
RO_OSLO_015,DRV_102,STP_RO_OSLO_015_17,17,17,60.013771,10.802522,6.0,50.56,60.18,352.5,450.1
RO_OSLO_015,DRV_102,STP_RO_OSLO_015_18,18,18,59.987969,10.777383,3.9,50.56,60.18,352.5,450.1
RO_OSLO_015,DRV_102,STP_RO_OSLO_015_19,19,19,59.970436,10.774729,6.9,50.56,60.18,352.5,450.1
RO_OSLO_015,DRV_102,STP_RO_OSLO_015_20,20,20,59.978215,10.767013,7.8,50.56,60.18,352.5,450.1
RO_OSLO_015,DRV_102,STP_RO_OSLO_015_21,21,21,60.010234,10.819208,8.0,50.56,60.18,352.5,450.1
RO_OSLO_015,DRV_102,STP_RO_OSLO_015_22,22,22,59.967641,10.787317,6.8,50.56,60.18,352.5,450.1
RO_OSLO_015,DRV_102,STP_RO_OSLO_015_23,23,4,59.998969,10.772777,7.1,50.56,60.18,352.5,450.1
RO_OSLO_015,DRV_102,STP_RO_OSLO_015_24,24,24,59.970674,10.776972,5.7,50.56,60.18,352.5,450.1
RO_OSLO_015,DRV_102,STP_RO_OSLO_015_25,25,13,59.992784,10.798348,3.5,50.56,60.18,352.5,450.1
RO_OSLO_016,DRV_103,STP_RO_OSLO_016_01,1,1,59.868613,10.705617,7.7,44.07,44.13,298.3,319.3
RO_OSLO_016,DRV_103,STP_RO_OSLO_016_02,2,2,59.9106,10.702757,4.3,44.07,44.13,298.3,319.3
RO_OSLO_016,DRV_103,STP_RO_OSLO_016_03,3,3,59.866792,10.727616,3.2,44.07,44.13,298.3,319.3
RO_OSLO_016,DRV_103,STP_RO_OSLO_016_04,4,4,59.898443,10.743601,3.5,44.07,44.13,298.3,319.3
RO_OSLO_016,DRV_103,STP_RO_OSLO_016_05,5,5,59.920156,10.745362,3.3,44.07,44.13,298.3,319.3
RO_OSLO_016,DRV_103,STP_RO_OSLO_016_06,6,6,59.919462,10.716838,7.5,44.07,44.13,298.3,319.3
RO_OSLO_016,DRV_103,STP_RO_OSLO_016_07,7,7,59.900766,10.7256,5.7,44.07,44.13,298.3,319.3
RO_OSLO_016,DRV_103,STP_RO_OSLO_016_08,8,8,59.918357,10.729908,5.6,44.07,44.13,298.3,319.3
RO_OSLO_016,DRV_103,STP_RO_OSLO_016_09,9,9,59.918577,10.700591,3.8,44.07,44.13,298.3,319.3
RO_OSLO_016,DRV_103,STP_RO_OSLO_016_10,10,10,59.876111,10.705914,4.2,44.07,44.13,298.3,319.3
RO_OSLO_016,DRV_103,STP_RO_OSLO_016_11,11,11,59.922293,10.692224,6.5,44.07,44.13,298.3,319.3
RO_OSLO_016,DRV_103,STP_RO_OSLO_016_12,12,12,59.87784,10.738772,7.8,44.07,44.13,298.3,319.3
RO_OSLO_016,DRV_103,STP_RO_OSLO_016_13,13,13,59.894415,10.738618,3.0,44.07,44.13,298.3,319.3
RO_OSLO_016,DRV_103,STP_RO_OSLO_016_14,14,14,59.915684,10.699591,7.5,44.07,44.13,298.3,319.3
RO_OSLO_016,DRV_103,STP_RO_OSLO_016_15,15,15,59.866554,10.719244,6.8,44.07,44.13,298.3,319.3
RO_OSLO_016,DRV_103,STP_RO_OSLO_016_16,16,16,59.882008,10.697461,3.4,44.07,44.13,298.3,319.3
RO_OSLO_016,DRV_103,STP_RO_OSLO_016_17,17,17,59.886073,10.719464,3.6,44.07,44.13,298.3,319.3
RO_OSLO_016,DRV_103,STP_RO_OSLO_016_18,18,18,59.889089,10.686418,7.1,44.07,44.13,298.3,319.3
RO_OSLO_016,DRV_103,STP_RO_OSLO_016_19,19,19,59.874194,10.702874,3.1,44.07,44.13,298.3,319.3
RO_OSLO_016,DRV_103,STP_RO_OSLO_016_20,20,20,59.892422,10.736281,5.0,44.07,44.13,298.3,319.3
RO_OSLO_017,DRV_104,STP_RO_OSLO_017_01,1,1,59.971082,10.701092,3.3,62.49,65.49,411.2,419.9
RO_OSLO_017,DRV_104,STP_RO_OSLO_017_02,2,2,59.987955,10.679355,6.1,62.49,65.49,411.2,419.9
RO_OSLO_017,DRV_104,STP_RO_OSLO_017_03,3,3,59.955769,10.710894,7.9,62.49,65.49,411.2,419.9
RO_OSLO_017,DRV_104,STP_RO_OSLO_017_04,4,4,60.011157,10.703581,3.7,62.49,65.49,411.2,419.9
RO_OSLO_017,DRV_104,STP_RO_OSLO_017_05,5,5,59.99852,10.660077,3.1,62.49,65.49,411.2,419.9
RO_OSLO_017,DRV_104,STP_RO_OSLO_017_06,6,6,59.972441,10.68792,6.9,62.49,65.49,411.2,419.9
RO_OSLO_017,DRV_104,STP_RO_OSLO_017_07,7,7,59.994022,10.685356,4.4,62.49,65.49,411.2,419.9
RO_OSLO_017,DRV_104,STP_RO_OSLO_017_08,8,8,60.012852,10.684172,5.3,62.49,65.49,411.2,419.9
RO_OSLO_017,DRV_104,STP_RO_OSLO_017_09,9,9,59.962842,10.70629,6.5,62.49,65.49,411.2,419.9
RO_OSLO_017,DRV_104,STP_RO_OSLO_017_10,10,10,59.966271,10.663544,6.4,62.49,65.49,411.2,419.9
RO_OSLO_017,DRV_104,STP_RO_OSLO_017_11,11,11,59.992295,10.674997,7.8,62.49,65.49,411.2,419.9
RO_OSLO_017,DRV_104,STP_RO_OSLO_017_12,12,12,59.962088,10.684542,7.7,62.49,65.49,411.2,419.9
RO_OSLO_017,DRV_104,STP_RO_OSLO_017_13,13,13,59.978208,10.696913,5.0,62.49,65.49,411.2,419.9
RO_OSLO_017,DRV_104,STP_RO_OSLO_017_14,14,14,59.969477,10.71764,5.0,62.49,65.49,411.2,419.9
RO_OSLO_017,DRV_104,STP_RO_OSLO_017_15,15,15,60.00667,10.672399,4.1,62.49,65.49,411.2,419.9
RO_OSLO_017,DRV_104,STP_RO_OSLO_017_16,16,16,59.954893,10.697702,4.8,62.49,65.49,411.2,419.9
RO_OSLO_017,DRV_104,STP_RO_OSLO_017_17,17,17,60.004886,10.686994,7.8,62.49,65.49,411.2,419.9
RO_OSLO_017,DRV_104,STP_RO_OSLO_017_18,18,18,59.964156,10.710719,6.9,62.49,65.49,411.2,419.9
RO_OSLO_017,DRV_104,STP_RO_OSLO_017_19,19,19,59.99928,10.709289,6.8,62.49,65.49,411.2,419.9
RO_OSLO_017,DRV_104,STP_RO_OSLO_017_20,20,20,59.990598,10.666476,3.2,62.49,65.49,411.2,419.9
RO_OSLO_017,DRV_104,STP_RO_OSLO_017_21,21,21,60.008275,10.695601,7.0,62.49,65.49,411.2,419.9
RO_OSLO_017,DRV_104,STP_RO_OSLO_017_22,22,22,59.981916,10.66564,3.6,62.49,65.49,411.2,419.9
RO_OSLO_017,DRV_104,STP_RO_OSLO_017_23,23,23,59.994158,10.68442,4.0,62.49,65.49,411.2,419.9
RO_OSLO_017,DRV_104,STP_RO_OSLO_017_24,24,24,59.98252,10.662454,5.9,62.49,65.49,411.2,419.9
RO_OSLO_017,DRV_104,STP_RO_OSLO_017_25,25,25,59.969164,10.706455,4.6,62.49,65.49,411.2,419.9
RO_OSLO_017,DRV_104,STP_RO_OSLO_017_26,26,26,59.980338,10.659299,3.4,62.49,65.49,411.2,419.9
RO_OSLO_018,DRV_105,STP_RO_OSLO_018_01,1,1,59.885117,10.854264,7.7,53.88,63.59,377.5,482.0
RO_OSLO_018,DRV_105,STP_RO_OSLO_018_02,2,2,59.904705,10.845157,6.1,53.88,63.59,377.5,482.0
RO_OSLO_018,DRV_105,STP_RO_OSLO_018_03,3,18,59.896251,10.837801,5.8,53.88,63.59,377.5,482.0
RO_OSLO_018,DRV_105,STP_RO_OSLO_018_04,4,4,59.903036,10.845182,5.4,53.88,63.59,377.5,482.0
RO_OSLO_018,DRV_105,STP_RO_OSLO_018_05,5,17,59.869632,10.807992,5.2,53.88,63.59,377.5,482.0
RO_OSLO_018,DRV_105,STP_RO_OSLO_018_06,6,6,59.910677,10.833749,6.3,53.88,63.59,377.5,482.0
RO_OSLO_018,DRV_105,STP_RO_OSLO_018_07,7,7,59.895944,10.835096,4.6,53.88,63.59,377.5,482.0
RO_OSLO_018,DRV_105,STP_RO_OSLO_018_08,8,8,59.895398,10.842809,7.4,53.88,63.59,377.5,482.0
RO_OSLO_018,DRV_105,STP_RO_OSLO_018_09,9,9,59.893207,10.800772,3.8,53.88,63.59,377.5,482.0
RO_OSLO_018,DRV_105,STP_RO_OSLO_018_10,10,10,59.868439,10.837348,4.7,53.88,63.59,377.5,482.0
RO_OSLO_018,DRV_105,STP_RO_OSLO_018_11,11,11,59.899736,10.827749,3.4,53.88,63.59,377.5,482.0
RO_OSLO_018,DRV_105,STP_RO_OSLO_018_12,12,12,59.891383,10.811386,5.1,53.88,63.59,377.5,482.0
RO_OSLO_018,DRV_105,STP_RO_OSLO_018_13,13,13,59.879402,10.848579,3.9,53.88,63.59,377.5,482.0
RO_OSLO_018,DRV_105,STP_RO_OSLO_018_14,14,14,59.924834,10.823106,7.2,53.88,63.59,377.5,482.0
RO_OSLO_018,DRV_105,STP_RO_OSLO_018_15,15,15,59.904913,10.842273,6.8,53.88,63.59,377.5,482.0
RO_OSLO_018,DRV_105,STP_RO_OSLO_018_16,16,16,59.897478,10.83075,5.6,53.88,63.59,377.5,482.0
RO_OSLO_018,DRV_105,STP_RO_OSLO_018_17,17,5,59.902471,10.799916,5.0,53.88,63.59,377.5,482.0
RO_OSLO_018,DRV_105,STP_RO_OSLO_018_18,18,3,59.903559,10.834015,7.0,53.88,63.59,377.5,482.0
RO_OSLO_018,DRV_105,STP_RO_OSLO_018_19,19,19,59.906488,10.85768,4.4,53.88,63.59,377.5,482.0
RO_OSLO_018,DRV_105,STP_RO_OSLO_018_20,20,20,59.888736,10.821183,5.3,53.88,63.59,377.5,482.0
RO_OSLO_018,DRV_105,STP_RO_OSLO_018_21,21,21,59.917347,10.8123,6.9,53.88,63.59,377.5,482.0
RO_OSLO_018,DRV_105,STP_RO_OSLO_018_22,22,22,59.891506,10.834263,6.2,53.88,63.59,377.5,482.0
RO_OSLO_018,DRV_105,STP_RO_OSLO_018_23,23,23,59.889558,10.828909,5.1,53.88,63.59,377.5,482.0
RO_OSLO_018,DRV_105,STP_RO_OSLO_018_24,24,24,59.871335,10.824382,3.5,53.88,63.59,377.5,482.0
RO_OSLO_018,DRV_105,STP_RO_OSLO_018_25,25,25,59.891488,10.833727,5.9,53.88,63.59,377.5,482.0
RO_OSLO_018,DRV_105,STP_RO_OSLO_018_26,26,26,59.906944,10.803868,6.3,53.88,63.59,377.5,482.0
RO_OSLO_018,DRV_105,STP_RO_OSLO_018_27,27,27,59.885916,10.822095,7.3,53.88,63.59,377.5,482.0
RO_OSLO_019,DRV_106,STP_RO_OSLO_019_01,1,1,59.870093,10.770366,3.8,30.23,33.71,216.0,226.6
RO_OSLO_019,DRV_106,STP_RO_OSLO_019_02,2,2,59.887117,10.786176,7.1,30.23,33.71,216.0,226.6
RO_OSLO_019,DRV_106,STP_RO_OSLO_019_03,3,3,59.881784,10.780879,6.1,30.23,33.71,216.0,226.6
RO_OSLO_019,DRV_106,STP_RO_OSLO_019_04,4,4,59.898337,10.775978,3.8,30.23,33.71,216.0,226.6
RO_OSLO_019,DRV_106,STP_RO_OSLO_019_05,5,5,59.858131,10.81014,6.3,30.23,33.71,216.0,226.6
RO_OSLO_019,DRV_106,STP_RO_OSLO_019_06,6,6,59.884408,10.816606,7.0,30.23,33.71,216.0,226.6
RO_OSLO_019,DRV_106,STP_RO_OSLO_019_07,7,7,59.891052,10.818052,4.0,30.23,33.71,216.0,226.6
RO_OSLO_019,DRV_106,STP_RO_OSLO_019_08,8,8,59.862646,10.782141,3.3,30.23,33.71,216.0,226.6
RO_OSLO_019,DRV_106,STP_RO_OSLO_019_09,9,9,59.887801,10.822152,3.2,30.23,33.71,216.0,226.6
RO_OSLO_019,DRV_106,STP_RO_OSLO_019_10,10,10,59.863257,10.793088,7.7,30.23,33.71,216.0,226.6
RO_OSLO_019,DRV_106,STP_RO_OSLO_019_11,11,11,59.8749,10.79639,3.2,30.23,33.71,216.0,226.6
RO_OSLO_019,DRV_106,STP_RO_OSLO_019_12,12,12,59.864831,10.825154,7.8,30.23,33.71,216.0,226.6
RO_OSLO_019,DRV_106,STP_RO_OSLO_019_13,13,13,59.856227,10.823064,6.2,30.23,33.71,216.0,226.6
RO_OSLO_019,DRV_106,STP_RO_OSLO_019_14,14,14,59.908006,10.79324,5.6,30.23,33.71,216.0,226.6
RO_OSLO_019,DRV_106,STP_RO_OSLO_019_15,15,15,59.885261,10.805968,3.7,30.23,33.71,216.0,226.6
RO_OSLO_019,DRV_106,STP_RO_OSLO_019_16,16,16,59.857729,10.784431,6.5,30.23,33.71,216.0,226.6
RO_OSLO_020,DRV_107,STP_RO_OSLO_020_01,1,1,59.935238,10.725982,4.3,32.53,35.1,251.4,257.1
RO_OSLO_020,DRV_107,STP_RO_OSLO_020_02,2,2,59.960862,10.726899,4.9,32.53,35.1,251.4,257.1
RO_OSLO_020,DRV_107,STP_RO_OSLO_020_03,3,3,59.922215,10.68283,7.2,32.53,35.1,251.4,257.1
RO_OSLO_020,DRV_107,STP_RO_OSLO_020_04,4,4,59.97304,10.714292,3.6,32.53,35.1,251.4,257.1
RO_OSLO_020,DRV_107,STP_RO_OSLO_020_05,5,5,59.968894,10.723302,6.0,32.53,35.1,251.4,257.1
RO_OSLO_020,DRV_107,STP_RO_OSLO_020_06,6,6,59.977616,10.717791,6.3,32.53,35.1,251.4,257.1
RO_OSLO_020,DRV_107,STP_RO_OSLO_020_07,7,7,59.955795,10.689096,3.8,32.53,35.1,251.4,257.1
RO_OSLO_020,DRV_107,STP_RO_OSLO_020_08,8,8,59.957461,10.687268,7.3,32.53,35.1,251.4,257.1
RO_OSLO_020,DRV_107,STP_RO_OSLO_020_09,9,9,59.980764,10.713327,3.5,32.53,35.1,251.4,257.1
RO_OSLO_020,DRV_107,STP_RO_OSLO_020_10,10,10,59.938485,10.674728,6.3,32.53,35.1,251.4,257.1
RO_OSLO_020,DRV_107,STP_RO_OSLO_020_11,11,11,59.967075,10.723722,5.2,32.53,35.1,251.4,257.1
RO_OSLO_020,DRV_107,STP_RO_OSLO_020_12,12,12,59.975246,10.720855,4.6,32.53,35.1,251.4,257.1
RO_OSLO_020,DRV_107,STP_RO_OSLO_020_13,13,13,59.973298,10.690721,4.5,32.53,35.1,251.4,257.1
RO_OSLO_020,DRV_107,STP_RO_OSLO_020_14,14,14,59.960108,10.687884,6.2,32.53,35.1,251.4,257.1
RO_OSLO_020,DRV_107,STP_RO_OSLO_020_15,15,15,59.957754,10.701987,4.9,32.53,35.1,251.4,257.1
RO_OSLO_020,DRV_107,STP_RO_OSLO_020_16,16,16,59.954074,10.70397,5.7,32.53,35.1,251.4,257.1
RO_OSLO_020,DRV_107,STP_RO_OSLO_020_17,17,17,59.947829,10.669061,5.9,32.53,35.1,251.4,257.1
RO_OSLO_020,DRV_107,STP_RO_OSLO_020_18,18,18,59.93127,10.706736,6.8,32.53,35.1,251.4,257.1
RO_OSLO_020,DRV_107,STP_RO_OSLO_020_19,19,19,59.951191,10.700723,7.8,32.53,35.1,251.4,257.1
RO_OSLO_020,DRV_107,STP_RO_OSLO_020_20,20,20,59.971994,10.723035,7.1,32.53,35.1,251.4,257.1
RO_OSLO_020,DRV_107,STP_RO_OSLO_020_21,21,21,59.927699,10.677121,5.6,32.53,35.1,251.4,257.1
RO_OSLO_021,DRV_101,STP_RO_OSLO_021_01,1,1,59.938221,10.761875,5.6,55.6,66.19,380.2,484.6
RO_OSLO_021,DRV_101,STP_RO_OSLO_021_02,2,2,59.896015,10.73962,6.2,55.6,66.19,380.2,484.6
RO_OSLO_021,DRV_101,STP_RO_OSLO_021_03,3,3,59.920187,10.775077,7.0,55.6,66.19,380.2,484.6
RO_OSLO_021,DRV_101,STP_RO_OSLO_021_04,4,4,59.928073,10.749951,4.8,55.6,66.19,380.2,484.6
RO_OSLO_021,DRV_101,STP_RO_OSLO_021_05,5,5,59.94363,10.785661,5.8,55.6,66.19,380.2,484.6
RO_OSLO_021,DRV_101,STP_RO_OSLO_021_06,6,6,59.904615,10.757588,6.7,55.6,66.19,380.2,484.6
RO_OSLO_021,DRV_101,STP_RO_OSLO_021_07,7,7,59.940347,10.77975,7.0,55.6,66.19,380.2,484.6
RO_OSLO_021,DRV_101,STP_RO_OSLO_021_08,8,8,59.935276,10.748447,5.1,55.6,66.19,380.2,484.6
RO_OSLO_021,DRV_101,STP_RO_OSLO_021_09,9,9,59.898455,10.753579,7.3,55.6,66.19,380.2,484.6
RO_OSLO_021,DRV_101,STP_RO_OSLO_021_10,10,12,59.91765,10.771586,3.9,55.6,66.19,380.2,484.6
RO_OSLO_021,DRV_101,STP_RO_OSLO_021_11,11,11,59.908013,10.75328,4.0,55.6,66.19,380.2,484.6
RO_OSLO_021,DRV_101,STP_RO_OSLO_021_12,12,10,59.927554,10.754878,6.2,55.6,66.19,380.2,484.6
RO_OSLO_021,DRV_101,STP_RO_OSLO_021_13,13,13,59.892784,10.747971,4.4,55.6,66.19,380.2,484.6
RO_OSLO_021,DRV_101,STP_RO_OSLO_021_14,14,14,59.925099,10.780015,5.2,55.6,66.19,380.2,484.6
RO_OSLO_021,DRV_101,STP_RO_OSLO_021_15,15,15,59.916024,10.782936,3.1,55.6,66.19,380.2,484.6
RO_OSLO_021,DRV_101,STP_RO_OSLO_021_16,16,16,59.909742,10.788587,6.0,55.6,66.19,380.2,484.6
RO_OSLO_021,DRV_101,STP_RO_OSLO_021_17,17,17,59.90951,10.793796,6.9,55.6,66.19,380.2,484.6
RO_OSLO_021,DRV_101,STP_RO_OSLO_021_18,18,18,59.90517,10.778182,6.0,55.6,66.19,380.2,484.6
RO_OSLO_021,DRV_101,STP_RO_OSLO_021_19,19,19,59.913348,10.761482,4.7,55.6,66.19,380.2,484.6
RO_OSLO_021,DRV_101,STP_RO_OSLO_021_20,20,20,59.926306,10.766009,7.2,55.6,66.19,380.2,484.6
RO_OSLO_021,DRV_101,STP_RO_OSLO_021_21,21,21,59.929453,10.743661,6.2,55.6,66.19,380.2,484.6
RO_OSLO_021,DRV_101,STP_RO_OSLO_021_22,22,22,59.905545,10.775034,6.4,55.6,66.19,380.2,484.6
RO_OSLO_021,DRV_101,STP_RO_OSLO_021_23,23,23,59.903126,10.766876,4.0,55.6,66.19,380.2,484.6
RO_OSLO_021,DRV_101,STP_RO_OSLO_021_24,24,24,59.892417,10.762173,4.8,55.6,66.19,380.2,484.6
RO_OSLO_021,DRV_101,STP_RO_OSLO_021_25,25,26,59.949005,10.766246,4.7,55.6,66.19,380.2,484.6
RO_OSLO_021,DRV_101,STP_RO_OSLO_021_26,26,25,59.924105,10.744791,7.8,55.6,66.19,380.2,484.6
RO_OSLO_022,DRV_102,STP_RO_OSLO_022_01,1,1,59.959671,10.695204,6.3,46.43,46.75,328.9,342.8
RO_OSLO_022,DRV_102,STP_RO_OSLO_022_02,2,2,59.962028,10.72998,4.2,46.43,46.75,328.9,342.8
RO_OSLO_022,DRV_102,STP_RO_OSLO_022_03,3,3,59.93826,10.683494,8.0,46.43,46.75,328.9,342.8
RO_OSLO_022,DRV_102,STP_RO_OSLO_022_04,4,4,59.969921,10.706747,7.2,46.43,46.75,328.9,342.8
RO_OSLO_022,DRV_102,STP_RO_OSLO_022_05,5,5,59.945558,10.711765,3.4,46.43,46.75,328.9,342.8
RO_OSLO_022,DRV_102,STP_RO_OSLO_022_06,6,6,59.959617,10.682012,7.1,46.43,46.75,328.9,342.8
RO_OSLO_022,DRV_102,STP_RO_OSLO_022_07,7,7,59.961222,10.716874,3.2,46.43,46.75,328.9,342.8
RO_OSLO_022,DRV_102,STP_RO_OSLO_022_08,8,8,59.932488,10.690136,4.8,46.43,46.75,328.9,342.8
RO_OSLO_022,DRV_102,STP_RO_OSLO_022_09,9,9,59.919559,10.730567,5.8,46.43,46.75,328.9,342.8
RO_OSLO_022,DRV_102,STP_RO_OSLO_022_10,10,10,59.932632,10.698168,5.2,46.43,46.75,328.9,342.8
RO_OSLO_022,DRV_102,STP_RO_OSLO_022_11,11,11,59.950336,10.70529,7.6,46.43,46.75,328.9,342.8
RO_OSLO_022,DRV_102,STP_RO_OSLO_022_12,12,12,59.944119,10.733879,7.3,46.43,46.75,328.9,342.8
RO_OSLO_022,DRV_102,STP_RO_OSLO_022_13,13,13,59.926811,10.730185,3.6,46.43,46.75,328.9,342.8
RO_OSLO_022,DRV_102,STP_RO_OSLO_022_14,14,14,59.963348,10.697187,7.4,46.43,46.75,328.9,342.8
RO_OSLO_022,DRV_102,STP_RO_OSLO_022_15,15,15,59.966384,10.722705,7.0,46.43,46.75,328.9,342.8
RO_OSLO_022,DRV_102,STP_RO_OSLO_022_16,16,16,59.932582,10.679205,5.0,46.43,46.75,328.9,342.8
RO_OSLO_022,DRV_102,STP_RO_OSLO_022_17,17,17,59.924712,10.716046,4.7,46.43,46.75,328.9,342.8
RO_OSLO_022,DRV_102,STP_RO_OSLO_022_18,18,18,59.972837,10.712808,7.1,46.43,46.75,328.9,342.8
RO_OSLO_022,DRV_102,STP_RO_OSLO_022_19,19,19,59.922252,10.72607,7.6,46.43,46.75,328.9,342.8
RO_OSLO_022,DRV_102,STP_RO_OSLO_022_20,20,20,59.943524,10.710725,6.8,46.43,46.75,328.9,342.8
RO_OSLO_022,DRV_102,STP_RO_OSLO_022_21,21,21,59.924791,10.704503,5.0,46.43,46.75,328.9,342.8
RO_OSLO_022,DRV_102,STP_RO_OSLO_022_22,22,22,59.923083,10.696401,3.3,46.43,46.75,328.9,342.8
RO_OSLO_022,DRV_102,STP_RO_OSLO_022_23,23,23,59.915849,10.682459,7.8,46.43,46.75,328.9,342.8
RO_OSLO_022,DRV_102,STP_RO_OSLO_022_24,24,24,59.947273,10.732299,5.2,46.43,46.75,328.9,342.8
RO_OSLO_023,DRV_103,STP_RO_OSLO_023_01,1,1,59.954793,10.81853,4.8,36.11,39.24,282.5,286.0
RO_OSLO_023,DRV_103,STP_RO_OSLO_023_02,2,2,59.97692,10.816243,4.0,36.11,39.24,282.5,286.0
RO_OSLO_023,DRV_103,STP_RO_OSLO_023_03,3,3,59.966437,10.811453,6.8,36.11,39.24,282.5,286.0
RO_OSLO_023,DRV_103,STP_RO_OSLO_023_04,4,4,59.990902,10.800218,5.2,36.11,39.24,282.5,286.0
RO_OSLO_023,DRV_103,STP_RO_OSLO_023_05,5,5,59.963972,10.786855,6.9,36.11,39.24,282.5,286.0
RO_OSLO_023,DRV_103,STP_RO_OSLO_023_06,6,6,59.969655,10.793043,6.5,36.11,39.24,282.5,286.0
RO_OSLO_023,DRV_103,STP_RO_OSLO_023_07,7,7,59.990815,10.820368,4.1,36.11,39.24,282.5,286.0
RO_OSLO_023,DRV_103,STP_RO_OSLO_023_08,8,8,59.967691,10.795625,3.9,36.11,39.24,282.5,286.0
RO_OSLO_023,DRV_103,STP_RO_OSLO_023_09,9,9,59.993075,10.833258,6.6,36.11,39.24,282.5,286.0
RO_OSLO_023,DRV_103,STP_RO_OSLO_023_10,10,10,60.001257,10.806665,6.3,36.11,39.24,282.5,286.0
RO_OSLO_023,DRV_103,STP_RO_OSLO_023_11,11,11,59.974986,10.813907,5.4,36.11,39.24,282.5,286.0
RO_OSLO_023,DRV_103,STP_RO_OSLO_023_12,12,12,59.964345,10.805602,7.8,36.11,39.24,282.5,286.0
RO_OSLO_023,DRV_103,STP_RO_OSLO_023_13,13,13,59.968647,10.790405,5.1,36.11,39.24,282.5,286.0
RO_OSLO_023,DRV_103,STP_RO_OSLO_023_14,14,14,60.001152,10.817306,6.4,36.11,39.24,282.5,286.0
RO_OSLO_023,DRV_103,STP_RO_OSLO_023_15,15,15,59.965114,10.819514,4.6,36.11,39.24,282.5,286.0
RO_OSLO_023,DRV_103,STP_RO_OSLO_023_16,16,16,60.00379,10.820135,4.0,36.11,39.24,282.5,286.0
RO_OSLO_023,DRV_103,STP_RO_OSLO_023_17,17,17,59.957609,10.784935,4.9,36.11,39.24,282.5,286.0
RO_OSLO_023,DRV_103,STP_RO_OSLO_023_18,18,18,59.969683,10.821142,5.5,36.11,39.24,282.5,286.0
RO_OSLO_023,DRV_103,STP_RO_OSLO_023_19,19,19,59.969693,10.791331,3.6,36.11,39.24,282.5,286.0
RO_OSLO_023,DRV_103,STP_RO_OSLO_023_20,20,20,60.005611,10.796986,6.3,36.11,39.24,282.5,286.0
RO_OSLO_023,DRV_103,STP_RO_OSLO_023_21,21,21,60.002373,10.819222,7.3,36.11,39.24,282.5,286.0
RO_OSLO_023,DRV_103,STP_RO_OSLO_023_22,22,22,59.977275,10.83975,3.7,36.11,39.24,282.5,286.0
RO_OSLO_023,DRV_103,STP_RO_OSLO_023_23,23,23,59.959861,10.821898,7.7,36.11,39.24,282.5,286.0
RO_OSLO_023,DRV_103,STP_RO_OSLO_023_24,24,24,60.002265,10.786962,4.4,36.11,39.24,282.5,286.0
RO_OSLO_024,DRV_104,STP_RO_OSLO_024_01,1,1,59.850862,10.788982,3.4,43.46,51.53,260.6,333.9
RO_OSLO_024,DRV_104,STP_RO_OSLO_024_02,2,12,59.853028,10.790807,3.4,43.46,51.53,260.6,333.9
RO_OSLO_024,DRV_104,STP_RO_OSLO_024_03,3,3,59.810775,10.843872,6.7,43.46,51.53,260.6,333.9
RO_OSLO_024,DRV_104,STP_RO_OSLO_024_04,4,4,59.831243,10.804274,4.7,43.46,51.53,260.6,333.9
RO_OSLO_024,DRV_104,STP_RO_OSLO_024_05,5,5,59.856527,10.826164,3.9,43.46,51.53,260.6,333.9
RO_OSLO_024,DRV_104,STP_RO_OSLO_024_06,6,6,59.820495,10.792386,6.3,43.46,51.53,260.6,333.9
RO_OSLO_024,DRV_104,STP_RO_OSLO_024_07,7,7,59.855911,10.802385,3.1,43.46,51.53,260.6,333.9
RO_OSLO_024,DRV_104,STP_RO_OSLO_024_08,8,8,59.814979,10.844554,4.5,43.46,51.53,260.6,333.9
RO_OSLO_024,DRV_104,STP_RO_OSLO_024_09,9,9,59.856202,10.823962,4.9,43.46,51.53,260.6,333.9
RO_OSLO_024,DRV_104,STP_RO_OSLO_024_10,10,10,59.822389,10.793765,6.1,43.46,51.53,260.6,333.9
RO_OSLO_024,DRV_104,STP_RO_OSLO_024_11,11,11,59.856526,10.825116,5.7,43.46,51.53,260.6,333.9
RO_OSLO_024,DRV_104,STP_RO_OSLO_024_12,12,2,59.812565,10.844591,7.0,43.46,51.53,260.6,333.9
RO_OSLO_024,DRV_104,STP_RO_OSLO_024_13,13,13,59.827618,10.84528,6.0,43.46,51.53,260.6,333.9
RO_OSLO_025,DRV_105,STP_RO_OSLO_025_01,1,1,59.957796,10.761435,3.5,49.66,50.28,303.5,308.5
RO_OSLO_025,DRV_105,STP_RO_OSLO_025_02,2,2,59.973707,10.758528,4.9,49.66,50.28,303.5,308.5
RO_OSLO_025,DRV_105,STP_RO_OSLO_025_03,3,3,59.960969,10.74195,7.6,49.66,50.28,303.5,308.5
RO_OSLO_025,DRV_105,STP_RO_OSLO_025_04,4,4,59.991706,10.755286,3.1,49.66,50.28,303.5,308.5
RO_OSLO_025,DRV_105,STP_RO_OSLO_025_05,5,5,60.010692,10.76581,4.6,49.66,50.28,303.5,308.5
RO_OSLO_025,DRV_105,STP_RO_OSLO_025_06,6,6,60.003904,10.741029,5.7,49.66,50.28,303.5,308.5
RO_OSLO_025,DRV_105,STP_RO_OSLO_025_07,7,7,59.989312,10.738787,7.9,49.66,50.28,303.5,308.5
RO_OSLO_025,DRV_105,STP_RO_OSLO_025_08,8,8,59.996039,10.758992,3.9,49.66,50.28,303.5,308.5
RO_OSLO_025,DRV_105,STP_RO_OSLO_025_09,9,9,59.954379,10.744726,6.8,49.66,50.28,303.5,308.5
RO_OSLO_025,DRV_105,STP_RO_OSLO_025_10,10,10,59.967307,10.757896,6.6,49.66,50.28,303.5,308.5
RO_OSLO_025,DRV_105,STP_RO_OSLO_025_11,11,11,59.957624,10.766641,3.5,49.66,50.28,303.5,308.5
RO_OSLO_025,DRV_105,STP_RO_OSLO_025_12,12,12,60.009055,10.754827,3.8,49.66,50.28,303.5,308.5
RO_OSLO_025,DRV_105,STP_RO_OSLO_025_13,13,13,59.971691,10.750328,6.8,49.66,50.28,303.5,308.5
RO_OSLO_025,DRV_105,STP_RO_OSLO_025_14,14,14,59.995753,10.762239,3.5,49.66,50.28,303.5,308.5
RO_OSLO_025,DRV_105,STP_RO_OSLO_025_15,15,15,59.960242,10.731148,5.9,49.66,50.28,303.5,308.5
RO_OSLO_025,DRV_105,STP_RO_OSLO_025_16,16,16,60.003776,10.751551,3.8,49.66,50.28,303.5,308.5
RO_OSLO_026,DRV_106,STP_RO_OSLO_026_01,1,1,59.829483,10.729673,4.0,54.06,58.11,348.3,355.7
RO_OSLO_026,DRV_106,STP_RO_OSLO_026_02,2,2,59.838698,10.725653,6.1,54.06,58.11,348.3,355.7
RO_OSLO_026,DRV_106,STP_RO_OSLO_026_03,3,3,59.816675,10.702992,6.9,54.06,58.11,348.3,355.7
RO_OSLO_026,DRV_106,STP_RO_OSLO_026_04,4,4,59.838647,10.681982,6.8,54.06,58.11,348.3,355.7
RO_OSLO_026,DRV_106,STP_RO_OSLO_026_05,5,5,59.807512,10.726413,4.0,54.06,58.11,348.3,355.7
RO_OSLO_026,DRV_106,STP_RO_OSLO_026_06,6,6,59.862877,10.703745,4.6,54.06,58.11,348.3,355.7
RO_OSLO_026,DRV_106,STP_RO_OSLO_026_07,7,7,59.814326,10.700005,7.4,54.06,58.11,348.3,355.7
RO_OSLO_026,DRV_106,STP_RO_OSLO_026_08,8,8,59.865173,10.703767,5.2,54.06,58.11,348.3,355.7
RO_OSLO_026,DRV_106,STP_RO_OSLO_026_09,9,9,59.848717,10.73484,6.0,54.06,58.11,348.3,355.7
RO_OSLO_026,DRV_106,STP_RO_OSLO_026_10,10,10,59.828885,10.706426,6.5,54.06,58.11,348.3,355.7
RO_OSLO_026,DRV_106,STP_RO_OSLO_026_11,11,11,59.805586,10.718844,4.8,54.06,58.11,348.3,355.7
RO_OSLO_026,DRV_106,STP_RO_OSLO_026_12,12,12,59.853045,10.687248,5.9,54.06,58.11,348.3,355.7
RO_OSLO_026,DRV_106,STP_RO_OSLO_026_13,13,13,59.834251,10.720208,3.3,54.06,58.11,348.3,355.7
RO_OSLO_026,DRV_106,STP_RO_OSLO_026_14,14,14,59.840192,10.715358,5.8,54.06,58.11,348.3,355.7
RO_OSLO_026,DRV_106,STP_RO_OSLO_026_15,15,15,59.841602,10.722257,7.0,54.06,58.11,348.3,355.7
RO_OSLO_026,DRV_106,STP_RO_OSLO_026_16,16,16,59.821582,10.731172,5.5,54.06,58.11,348.3,355.7
RO_OSLO_026,DRV_106,STP_RO_OSLO_026_17,17,17,59.810017,10.685182,4.7,54.06,58.11,348.3,355.7
RO_OSLO_026,DRV_106,STP_RO_OSLO_026_18,18,18,59.852487,10.724129,6.9,54.06,58.11,348.3,355.7
RO_OSLO_026,DRV_106,STP_RO_OSLO_026_19,19,19,59.836429,10.708081,3.7,54.06,58.11,348.3,355.7
RO_OSLO_026,DRV_106,STP_RO_OSLO_026_20,20,20,59.825085,10.70771,3.4,54.06,58.11,348.3,355.7
RO_OSLO_026,DRV_106,STP_RO_OSLO_026_21,21,21,59.81863,10.717562,6.7,54.06,58.11,348.3,355.7
RO_OSLO_027,DRV_107,STP_RO_OSLO_027_01,1,1,59.975513,10.744674,6.9,31.94,38.28,253.7,322.0
RO_OSLO_027,DRV_107,STP_RO_OSLO_027_02,2,2,59.9217,10.693548,4.1,31.94,38.28,253.7,322.0
RO_OSLO_027,DRV_107,STP_RO_OSLO_027_03,3,3,59.929159,10.714041,7.6,31.94,38.28,253.7,322.0
RO_OSLO_027,DRV_107,STP_RO_OSLO_027_04,4,4,59.949602,10.690915,4.4,31.94,38.28,253.7,322.0
RO_OSLO_027,DRV_107,STP_RO_OSLO_027_05,5,5,59.923954,10.692288,4.4,31.94,38.28,253.7,322.0
RO_OSLO_027,DRV_107,STP_RO_OSLO_027_06,6,6,59.937815,10.737339,7.9,31.94,38.28,253.7,322.0
RO_OSLO_027,DRV_107,STP_RO_OSLO_027_07,7,7,59.943551,10.715844,7.2,31.94,38.28,253.7,322.0
RO_OSLO_027,DRV_107,STP_RO_OSLO_027_08,8,8,59.937367,10.699494,7.3,31.94,38.28,253.7,322.0
RO_OSLO_027,DRV_107,STP_RO_OSLO_027_09,9,9,59.924069,10.727293,5.8,31.94,38.28,253.7,322.0
RO_OSLO_027,DRV_107,STP_RO_OSLO_027_10,10,10,59.942034,10.709022,6.9,31.94,38.28,253.7,322.0
RO_OSLO_027,DRV_107,STP_RO_OSLO_027_11,11,11,59.926464,10.704318,6.7,31.94,38.28,253.7,322.0
RO_OSLO_027,DRV_107,STP_RO_OSLO_027_12,12,12,59.954178,10.69779,7.4,31.94,38.28,253.7,322.0
RO_OSLO_027,DRV_107,STP_RO_OSLO_027_13,13,13,59.944885,10.739783,6.9,31.94,38.28,253.7,322.0
RO_OSLO_027,DRV_107,STP_RO_OSLO_027_14,14,14,59.958744,10.71978,7.9,31.94,38.28,253.7,322.0
RO_OSLO_027,DRV_107,STP_RO_OSLO_027_15,15,20,59.929976,10.73362,4.0,31.94,38.28,253.7,322.0
RO_OSLO_027,DRV_107,STP_RO_OSLO_027_16,16,15,59.941574,10.708633,7.7,31.94,38.28,253.7,322.0
RO_OSLO_027,DRV_107,STP_RO_OSLO_027_17,17,17,59.97932,10.701092,3.1,31.94,38.28,253.7,322.0
RO_OSLO_027,DRV_107,STP_RO_OSLO_027_18,18,18,59.964479,10.71519,3.4,31.94,38.28,253.7,322.0
RO_OSLO_027,DRV_107,STP_RO_OSLO_027_19,19,19,59.962304,10.722817,7.9,31.94,38.28,253.7,322.0
RO_OSLO_027,DRV_107,STP_RO_OSLO_027_20,20,16,59.934923,10.71435,5.7,31.94,38.28,253.7,322.0
RO_OSLO_027,DRV_107,STP_RO_OSLO_027_21,21,21,59.968781,10.723041,6.1,31.94,38.28,253.7,322.0
RO_OSLO_027,DRV_107,STP_RO_OSLO_027_22,22,22,59.934847,10.740926,5.1,31.94,38.28,253.7,322.0
RO_OSLO_028,DRV_101,STP_RO_OSLO_028_01,1,1,59.99427,10.810922,3.3,51.76,53.64,312.9,325.5
RO_OSLO_028,DRV_101,STP_RO_OSLO_028_02,2,2,59.985962,10.82658,5.3,51.76,53.64,312.9,325.5
RO_OSLO_028,DRV_101,STP_RO_OSLO_028_03,3,3,59.958329,10.825373,4.0,51.76,53.64,312.9,325.5
RO_OSLO_028,DRV_101,STP_RO_OSLO_028_04,4,4,59.970729,10.788078,4.7,51.76,53.64,312.9,325.5
RO_OSLO_028,DRV_101,STP_RO_OSLO_028_05,5,5,60.000617,10.809359,4.0,51.76,53.64,312.9,325.5
RO_OSLO_028,DRV_101,STP_RO_OSLO_028_06,6,6,60.007882,10.830971,7.4,51.76,53.64,312.9,325.5
RO_OSLO_028,DRV_101,STP_RO_OSLO_028_07,7,7,59.969539,10.80527,7.9,51.76,53.64,312.9,325.5
RO_OSLO_028,DRV_101,STP_RO_OSLO_028_08,8,8,60.001532,10.779826,3.3,51.76,53.64,312.9,325.5
RO_OSLO_028,DRV_101,STP_RO_OSLO_028_09,9,9,59.983048,10.832749,5.7,51.76,53.64,312.9,325.5
RO_OSLO_028,DRV_101,STP_RO_OSLO_028_10,10,10,59.98508,10.784524,6.3,51.76,53.64,312.9,325.5
RO_OSLO_028,DRV_101,STP_RO_OSLO_028_11,11,11,60.004538,10.801021,6.9,51.76,53.64,312.9,325.5
RO_OSLO_028,DRV_101,STP_RO_OSLO_028_12,12,12,60.01308,10.790422,5.6,51.76,53.64,312.9,325.5
RO_OSLO_028,DRV_101,STP_RO_OSLO_028_13,13,13,59.97244,10.825767,5.9,51.76,53.64,312.9,325.5
RO_OSLO_028,DRV_101,STP_RO_OSLO_028_14,14,14,59.993287,10.826071,5.0,51.76,53.64,312.9,325.5
RO_OSLO_028,DRV_101,STP_RO_OSLO_028_15,15,15,60.010117,10.810178,3.8,51.76,53.64,312.9,325.5
RO_OSLO_028,DRV_101,STP_RO_OSLO_028_16,16,16,59.996966,10.825792,4.6,51.76,53.64,312.9,325.5
RO_OSLO_029,DRV_102,STP_RO_OSLO_029_01,1,1,59.863999,10.807571,6.7,31.75,33.41,212.9,226.2
RO_OSLO_029,DRV_102,STP_RO_OSLO_029_02,2,2,59.911219,10.80454,7.0,31.75,33.41,212.9,226.2
RO_OSLO_029,DRV_102,STP_RO_OSLO_029_03,3,3,59.920061,10.837162,3.6,31.75,33.41,212.9,226.2
RO_OSLO_029,DRV_102,STP_RO_OSLO_029_04,4,4,59.90638,10.80493,7.9,31.75,33.41,212.9,226.2
RO_OSLO_029,DRV_102,STP_RO_OSLO_029_05,5,5,59.891118,10.793096,6.6,31.75,33.41,212.9,226.2
RO_OSLO_029,DRV_102,STP_RO_OSLO_029_06,6,6,59.881377,10.845575,7.9,31.75,33.41,212.9,226.2
RO_OSLO_029,DRV_102,STP_RO_OSLO_029_07,7,7,59.901364,10.793539,6.4,31.75,33.41,212.9,226.2
RO_OSLO_029,DRV_102,STP_RO_OSLO_029_08,8,8,59.867578,10.787512,7.1,31.75,33.41,212.9,226.2
RO_OSLO_029,DRV_102,STP_RO_OSLO_029_09,9,9,59.874581,10.808491,7.9,31.75,33.41,212.9,226.2
RO_OSLO_029,DRV_102,STP_RO_OSLO_029_10,10,10,59.882207,10.803539,7.6,31.75,33.41,212.9,226.2
RO_OSLO_029,DRV_102,STP_RO_OSLO_029_11,11,11,59.868641,10.831325,7.9,31.75,33.41,212.9,226.2
RO_OSLO_029,DRV_102,STP_RO_OSLO_029_12,12,12,59.916074,10.82485,4.6,31.75,33.41,212.9,226.2
RO_OSLO_029,DRV_102,STP_RO_OSLO_029_13,13,13,59.877255,10.834905,7.4,31.75,33.41,212.9,226.2
RO_OSLO_029,DRV_102,STP_RO_OSLO_029_14,14,14,59.893522,10.80041,3.6,31.75,33.41,212.9,226.2
RO_OSLO_030,DRV_103,STP_RO_OSLO_030_01,1,1,59.835619,10.735012,6.4,30.68,35.67,243.1,307.9
RO_OSLO_030,DRV_103,STP_RO_OSLO_030_02,2,11,59.853628,10.687239,5.2,30.68,35.67,243.1,307.9
RO_OSLO_030,DRV_103,STP_RO_OSLO_030_03,3,3,59.847623,10.732454,5.7,30.68,35.67,243.1,307.9
RO_OSLO_030,DRV_103,STP_RO_OSLO_030_04,4,4,59.842826,10.739188,3.6,30.68,35.67,243.1,307.9
RO_OSLO_030,DRV_103,STP_RO_OSLO_030_05,5,5,59.845355,10.683101,6.7,30.68,35.67,243.1,307.9
RO_OSLO_030,DRV_103,STP_RO_OSLO_030_06,6,6,59.875087,10.697382,7.3,30.68,35.67,243.1,307.9
RO_OSLO_030,DRV_103,STP_RO_OSLO_030_07,7,7,59.837535,10.735226,6.8,30.68,35.67,243.1,307.9
RO_OSLO_030,DRV_103,STP_RO_OSLO_030_08,8,9,59.868296,10.68166,7.8,30.68,35.67,243.1,307.9
RO_OSLO_030,DRV_103,STP_RO_OSLO_030_09,9,8,59.863602,10.698865,7.1,30.68,35.67,243.1,307.9
RO_OSLO_030,DRV_103,STP_RO_OSLO_030_10,10,10,59.836893,10.732945,3.6,30.68,35.67,243.1,307.9
RO_OSLO_030,DRV_103,STP_RO_OSLO_030_11,11,2,59.862223,10.713022,3.5,30.68,35.67,243.1,307.9
RO_OSLO_030,DRV_103,STP_RO_OSLO_030_12,12,12,59.834516,10.681324,5.3,30.68,35.67,243.1,307.9
RO_OSLO_030,DRV_103,STP_RO_OSLO_030_13,13,13,59.838078,10.716481,4.5,30.68,35.67,243.1,307.9
RO_OSLO_030,DRV_103,STP_RO_OSLO_030_14,14,14,59.837997,10.725171,3.2,30.68,35.67,243.1,307.9
RO_OSLO_030,DRV_103,STP_RO_OSLO_030_15,15,15,59.874176,10.731716,6.3,30.68,35.67,243.1,307.9
RO_OSLO_030,DRV_103,STP_RO_OSLO_030_16,16,16,59.855595,10.734118,3.9,30.68,35.67,243.1,307.9
RO_OSLO_030,DRV_103,STP_RO_OSLO_030_17,17,17,59.82474,10.69495,7.0,30.68,35.67,243.1,307.9
RO_OSLO_030,DRV_103,STP_RO_OSLO_030_18,18,18,59.822082,10.715548,8.0,30.68,35.67,243.1,307.9
RO_OSLO_030,DRV_103,STP_RO_OSLO_030_19,19,19,59.871344,10.711867,3.3,30.68,35.67,243.1,307.9
RO_OSLO_030,DRV_103,STP_RO_OSLO_030_20,20,20,59.869884,10.716519,3.6,30.68,35.67,243.1,307.9
RO_OSLO_030,DRV_103,STP_RO_OSLO_030_21,21,21,59.825633,10.735157,6.3,30.68,35.67,243.1,307.9
